keyData,data_id,dia_ehdiautil,dia_numeronasemana,dia_numeronomes,dia_numeronoano,semana_id,semana_nome,semana_texto,semana_numeronoano,mes_id,mes_nome,mes_texto,mes_numeronoano,trimestre_id,trimestre_nome,trimestre_texto,trimestre_numeronoano,semestre_id,semestre_nome,semestre_texto,semestre_numeronoano,ano_id,ano_nome,ano_texto
0,"0000-00-00 00:00:00",NULL,NULL,NULL,NULL,NULL,NULL,NULL,NULL,NULL,NULL,NULL,NULL,NULL,NULL,NULL,NULL,NULL,NULL,NULL,NULL,NULL,NULL,NULL
20080101,"2008-01-01 00:00:00",1,2,1,1,200801,1,"Semana 1",1,200801,01,Jan,1,20081,Q1,"Trimestre 1",1,20081,S1,"Semestre 1",1,2008,2008,2008
20080102,"2008-01-02 00:00:00",1,3,2,2,200801,1,"Semana 1",1,200801,01,Jan,1,20081,Q1,"Trimestre 1",1,20081,S1,"Semestre 1",1,2008,2008,2008
20080103,"2008-01-03 00:00:00",1,4,3,3,200801,1,"Semana 1",1,200801,01,Jan,1,20081,Q1,"Trimestre 1",1,20081,S1,"Semestre 1",1,2008,2008,2008
20080104,"2008-01-04 00:00:00",1,5,4,4,200801,1,"Semana 1",1,200801,01,Jan,1,20081,Q1,"Trimestre 1",1,20081,S1,"Semestre 1",1,2008,2008,2008
20080105,"2008-01-05 00:00:00",0,6,5,5,200801,1,"Semana 1",1,200801,01,Jan,1,20081,Q1,"Trimestre 1",1,20081,S1,"Semestre 1",1,2008,2008,2008
20080106,"2008-01-06 00:00:00",0,7,6,6,200801,1,"Semana 1",1,200801,01,Jan,1,20081,Q1,"Trimestre 1",1,20081,S1,"Semestre 1",1,2008,2008,2008
20080107,"2008-01-07 00:00:00",1,1,7,7,200802,2,"Semana 2",2,200801,01,Jan,1,20081,Q1,"Trimestre 1",1,20081,S1,"Semestre 1",1,2008,2008,2008
20080108,"2008-01-08 00:00:00",1,2,8,8,200802,2,"Semana 2",2,200801,01,Jan,1,20081,Q1,"Trimestre 1",1,20081,S1,"Semestre 1",1,2008,2008,2008
20080109,"2008-01-09 00:00:00",1,3,9,9,200802,2,"Semana 2",2,200801,01,Jan,1,20081,Q1,"Trimestre 1",1,20081,S1,"Semestre 1",1,2008,2008,2008
20080110,"2008-01-10 00:00:00",1,4,10,10,200802,2,"Semana 2",2,200801,01,Jan,1,20081,Q1,"Trimestre 1",1,20081,S1,"Semestre 1",1,2008,2008,2008
20080111,"2008-01-11 00:00:00",1,5,11,11,200802,2,"Semana 2",2,200801,01,Jan,1,20081,Q1,"Trimestre 1",1,20081,S1,"Semestre 1",1,2008,2008,2008
20080112,"2008-01-12 00:00:00",0,6,12,12,200802,2,"Semana 2",2,200801,01,Jan,1,20081,Q1,"Trimestre 1",1,20081,S1,"Semestre 1",1,2008,2008,2008
20080113,"2008-01-13 00:00:00",0,7,13,13,200802,2,"Semana 2",2,200801,01,Jan,1,20081,Q1,"Trimestre 1",1,20081,S1,"Semestre 1",1,2008,2008,2008
20080114,"2008-01-14 00:00:00",1,1,14,14,200803,3,"Semana 3",3,200801,01,Jan,1,20081,Q1,"Trimestre 1",1,20081,S1,"Semestre 1",1,2008,2008,2008
20080115,"2008-01-15 00:00:00",1,2,15,15,200803,3,"Semana 3",3,200801,01,Jan,1,20081,Q1,"Trimestre 1",1,20081,S1,"Semestre 1",1,2008,2008,2008
20080116,"2008-01-16 00:00:00",1,3,16,16,200803,3,"Semana 3",3,200801,01,Jan,1,20081,Q1,"Trimestre 1",1,20081,S1,"Semestre 1",1,2008,2008,2008
20080117,"2008-01-17 00:00:00",1,4,17,17,200803,3,"Semana 3",3,200801,01,Jan,1,20081,Q1,"Trimestre 1",1,20081,S1,"Semestre 1",1,2008,2008,2008
20080118,"2008-01-18 00:00:00",1,5,18,18,200803,3,"Semana 3",3,200801,01,Jan,1,20081,Q1,"Trimestre 1",1,20081,S1,"Semestre 1",1,2008,2008,2008
20080119,"2008-01-19 00:00:00",0,6,19,19,200803,3,"Semana 3",3,200801,01,Jan,1,20081,Q1,"Trimestre 1",1,20081,S1,"Semestre 1",1,2008,2008,2008
20080120,"2008-01-20 00:00:00",0,7,20,20,200803,3,"Semana 3",3,200801,01,Jan,1,20081,Q1,"Trimestre 1",1,20081,S1,"Semestre 1",1,2008,2008,2008
20080121,"2008-01-21 00:00:00",1,1,21,21,200804,4,"Semana 4",4,200801,01,Jan,1,20081,Q1,"Trimestre 1",1,20081,S1,"Semestre 1",1,2008,2008,2008
20080122,"2008-01-22 00:00:00",1,2,22,22,200804,4,"Semana 4",4,200801,01,Jan,1,20081,Q1,"Trimestre 1",1,20081,S1,"Semestre 1",1,2008,2008,2008
20080123,"2008-01-23 00:00:00",1,3,23,23,200804,4,"Semana 4",4,200801,01,Jan,1,20081,Q1,"Trimestre 1",1,20081,S1,"Semestre 1",1,2008,2008,2008
20080124,"2008-01-24 00:00:00",1,4,24,24,200804,4,"Semana 4",4,200801,01,Jan,1,20081,Q1,"Trimestre 1",1,20081,S1,"Semestre 1",1,2008,2008,2008
20080125,"2008-01-25 00:00:00",1,5,25,25,200804,4,"Semana 4",4,200801,01,Jan,1,20081,Q1,"Trimestre 1",1,20081,S1,"Semestre 1",1,2008,2008,2008
20080126,"2008-01-26 00:00:00",0,6,26,26,200804,4,"Semana 4",4,200801,01,Jan,1,20081,Q1,"Trimestre 1",1,20081,S1,"Semestre 1",1,2008,2008,2008
20080127,"2008-01-27 00:00:00",0,7,27,27,200804,4,"Semana 4",4,200801,01,Jan,1,20081,Q1,"Trimestre 1",1,20081,S1,"Semestre 1",1,2008,2008,2008
20080128,"2008-01-28 00:00:00",1,1,28,28,200805,5,"Semana 5",5,200801,01,Jan,1,20081,Q1,"Trimestre 1",1,20081,S1,"Semestre 1",1,2008,2008,2008
20080129,"2008-01-29 00:00:00",1,2,29,29,200805,5,"Semana 5",5,200801,01,Jan,1,20081,Q1,"Trimestre 1",1,20081,S1,"Semestre 1",1,2008,2008,2008
20080130,"2008-01-30 00:00:00",1,3,30,30,200805,5,"Semana 5",5,200801,01,Jan,1,20081,Q1,"Trimestre 1",1,20081,S1,"Semestre 1",1,2008,2008,2008
20080131,"2008-01-31 00:00:00",1,4,31,31,200805,5,"Semana 5",5,200801,01,Jan,1,20081,Q1,"Trimestre 1",1,20081,S1,"Semestre 1",1,2008,2008,2008
20080201,"2008-02-01 00:00:00",1,5,1,32,200805,5,"Semana 5",5,200802,02,Fev,2,20081,Q1,"Trimestre 1",1,20081,S1,"Semestre 1",1,2008,2008,2008
20080202,"2008-02-02 00:00:00",0,6,2,33,200805,5,"Semana 5",5,200802,02,Fev,2,20081,Q1,"Trimestre 1",1,20081,S1,"Semestre 1",1,2008,2008,2008
20080203,"2008-02-03 00:00:00",0,7,3,34,200805,5,"Semana 5",5,200802,02,Fev,2,20081,Q1,"Trimestre 1",1,20081,S1,"Semestre 1",1,2008,2008,2008
20080204,"2008-02-04 00:00:00",1,1,4,35,200806,6,"Semana 6",6,200802,02,Fev,2,20081,Q1,"Trimestre 1",1,20081,S1,"Semestre 1",1,2008,2008,2008
20080205,"2008-02-05 00:00:00",1,2,5,36,200806,6,"Semana 6",6,200802,02,Fev,2,20081,Q1,"Trimestre 1",1,20081,S1,"Semestre 1",1,2008,2008,2008
20080206,"2008-02-06 00:00:00",1,3,6,37,200806,6,"Semana 6",6,200802,02,Fev,2,20081,Q1,"Trimestre 1",1,20081,S1,"Semestre 1",1,2008,2008,2008
20080207,"2008-02-07 00:00:00",1,4,7,38,200806,6,"Semana 6",6,200802,02,Fev,2,20081,Q1,"Trimestre 1",1,20081,S1,"Semestre 1",1,2008,2008,2008
20080208,"2008-02-08 00:00:00",1,5,8,39,200806,6,"Semana 6",6,200802,02,Fev,2,20081,Q1,"Trimestre 1",1,20081,S1,"Semestre 1",1,2008,2008,2008
20080209,"2008-02-09 00:00:00",0,6,9,40,200806,6,"Semana 6",6,200802,02,Fev,2,20081,Q1,"Trimestre 1",1,20081,S1,"Semestre 1",1,2008,2008,2008
20080210,"2008-02-10 00:00:00",0,7,10,41,200806,6,"Semana 6",6,200802,02,Fev,2,20081,Q1,"Trimestre 1",1,20081,S1,"Semestre 1",1,2008,2008,2008
20080211,"2008-02-11 00:00:00",1,1,11,42,200807,7,"Semana 7",7,200802,02,Fev,2,20081,Q1,"Trimestre 1",1,20081,S1,"Semestre 1",1,2008,2008,2008
20080212,"2008-02-12 00:00:00",1,2,12,43,200807,7,"Semana 7",7,200802,02,Fev,2,20081,Q1,"Trimestre 1",1,20081,S1,"Semestre 1",1,2008,2008,2008
20080213,"2008-02-13 00:00:00",1,3,13,44,200807,7,"Semana 7",7,200802,02,Fev,2,20081,Q1,"Trimestre 1",1,20081,S1,"Semestre 1",1,2008,2008,2008
20080214,"2008-02-14 00:00:00",1,4,14,45,200807,7,"Semana 7",7,200802,02,Fev,2,20081,Q1,"Trimestre 1",1,20081,S1,"Semestre 1",1,2008,2008,2008
20080215,"2008-02-15 00:00:00",1,5,15,46,200807,7,"Semana 7",7,200802,02,Fev,2,20081,Q1,"Trimestre 1",1,20081,S1,"Semestre 1",1,2008,2008,2008
20080216,"2008-02-16 00:00:00",0,6,16,47,200807,7,"Semana 7",7,200802,02,Fev,2,20081,Q1,"Trimestre 1",1,20081,S1,"Semestre 1",1,2008,2008,2008
20080217,"2008-02-17 00:00:00",0,7,17,48,200807,7,"Semana 7",7,200802,02,Fev,2,20081,Q1,"Trimestre 1",1,20081,S1,"Semestre 1",1,2008,2008,2008
20080218,"2008-02-18 00:00:00",1,1,18,49,200808,8,"Semana 8",8,200802,02,Fev,2,20081,Q1,"Trimestre 1",1,20081,S1,"Semestre 1",1,2008,2008,2008
20080219,"2008-02-19 00:00:00",1,2,19,50,200808,8,"Semana 8",8,200802,02,Fev,2,20081,Q1,"Trimestre 1",1,20081,S1,"Semestre 1",1,2008,2008,2008
20080220,"2008-02-20 00:00:00",1,3,20,51,200808,8,"Semana 8",8,200802,02,Fev,2,20081,Q1,"Trimestre 1",1,20081,S1,"Semestre 1",1,2008,2008,2008
20080221,"2008-02-21 00:00:00",1,4,21,52,200808,8,"Semana 8",8,200802,02,Fev,2,20081,Q1,"Trimestre 1",1,20081,S1,"Semestre 1",1,2008,2008,2008
20080222,"2008-02-22 00:00:00",1,5,22,53,200808,8,"Semana 8",8,200802,02,Fev,2,20081,Q1,"Trimestre 1",1,20081,S1,"Semestre 1",1,2008,2008,2008
20080223,"2008-02-23 00:00:00",0,6,23,54,200808,8,"Semana 8",8,200802,02,Fev,2,20081,Q1,"Trimestre 1",1,20081,S1,"Semestre 1",1,2008,2008,2008
20080224,"2008-02-24 00:00:00",0,7,24,55,200808,8,"Semana 8",8,200802,02,Fev,2,20081,Q1,"Trimestre 1",1,20081,S1,"Semestre 1",1,2008,2008,2008
20080225,"2008-02-25 00:00:00",1,1,25,56,200809,9,"Semana 9",9,200802,02,Fev,2,20081,Q1,"Trimestre 1",1,20081,S1,"Semestre 1",1,2008,2008,2008
20080226,"2008-02-26 00:00:00",1,2,26,57,200809,9,"Semana 9",9,200802,02,Fev,2,20081,Q1,"Trimestre 1",1,20081,S1,"Semestre 1",1,2008,2008,2008
20080227,"2008-02-27 00:00:00",1,3,27,58,200809,9,"Semana 9",9,200802,02,Fev,2,20081,Q1,"Trimestre 1",1,20081,S1,"Semestre 1",1,2008,2008,2008
20080228,"2008-02-28 00:00:00",1,4,28,59,200809,9,"Semana 9",9,200802,02,Fev,2,20081,Q1,"Trimestre 1",1,20081,S1,"Semestre 1",1,2008,2008,2008
20080229,"2008-02-29 00:00:00",1,5,29,60,200809,9,"Semana 9",9,200802,02,Fev,2,20081,Q1,"Trimestre 1",1,20081,S1,"Semestre 1",1,2008,2008,2008
20080301,"2008-03-01 00:00:00",0,6,1,61,200809,9,"Semana 9",9,200803,03,Mar,3,20081,Q1,"Trimestre 1",1,20081,S1,"Semestre 1",1,2008,2008,2008
20080302,"2008-03-02 00:00:00",0,7,2,62,200809,9,"Semana 9",9,200803,03,Mar,3,20081,Q1,"Trimestre 1",1,20081,S1,"Semestre 1",1,2008,2008,2008
20080303,"2008-03-03 00:00:00",1,1,3,63,200810,10,"Semana 10",10,200803,03,Mar,3,20081,Q1,"Trimestre 1",1,20081,S1,"Semestre 1",1,2008,2008,2008
20080304,"2008-03-04 00:00:00",1,2,4,64,200810,10,"Semana 10",10,200803,03,Mar,3,20081,Q1,"Trimestre 1",1,20081,S1,"Semestre 1",1,2008,2008,2008
20080305,"2008-03-05 00:00:00",1,3,5,65,200810,10,"Semana 10",10,200803,03,Mar,3,20081,Q1,"Trimestre 1",1,20081,S1,"Semestre 1",1,2008,2008,2008
20080306,"2008-03-06 00:00:00",1,4,6,66,200810,10,"Semana 10",10,200803,03,Mar,3,20081,Q1,"Trimestre 1",1,20081,S1,"Semestre 1",1,2008,2008,2008
20080307,"2008-03-07 00:00:00",1,5,7,67,200810,10,"Semana 10",10,200803,03,Mar,3,20081,Q1,"Trimestre 1",1,20081,S1,"Semestre 1",1,2008,2008,2008
20080308,"2008-03-08 00:00:00",0,6,8,68,200810,10,"Semana 10",10,200803,03,Mar,3,20081,Q1,"Trimestre 1",1,20081,S1,"Semestre 1",1,2008,2008,2008
20080309,"2008-03-09 00:00:00",0,7,9,69,200810,10,"Semana 10",10,200803,03,Mar,3,20081,Q1,"Trimestre 1",1,20081,S1,"Semestre 1",1,2008,2008,2008
20080310,"2008-03-10 00:00:00",1,1,10,70,200811,11,"Semana 11",11,200803,03,Mar,3,20081,Q1,"Trimestre 1",1,20081,S1,"Semestre 1",1,2008,2008,2008
20080311,"2008-03-11 00:00:00",1,2,11,71,200811,11,"Semana 11",11,200803,03,Mar,3,20081,Q1,"Trimestre 1",1,20081,S1,"Semestre 1",1,2008,2008,2008
20080312,"2008-03-12 00:00:00",1,3,12,72,200811,11,"Semana 11",11,200803,03,Mar,3,20081,Q1,"Trimestre 1",1,20081,S1,"Semestre 1",1,2008,2008,2008
20080313,"2008-03-13 00:00:00",1,4,13,73,200811,11,"Semana 11",11,200803,03,Mar,3,20081,Q1,"Trimestre 1",1,20081,S1,"Semestre 1",1,2008,2008,2008
20080314,"2008-03-14 00:00:00",1,5,14,74,200811,11,"Semana 11",11,200803,03,Mar,3,20081,Q1,"Trimestre 1",1,20081,S1,"Semestre 1",1,2008,2008,2008
20080315,"2008-03-15 00:00:00",0,6,15,75,200811,11,"Semana 11",11,200803,03,Mar,3,20081,Q1,"Trimestre 1",1,20081,S1,"Semestre 1",1,2008,2008,2008
20080316,"2008-03-16 00:00:00",0,7,16,76,200811,11,"Semana 11",11,200803,03,Mar,3,20081,Q1,"Trimestre 1",1,20081,S1,"Semestre 1",1,2008,2008,2008
20080317,"2008-03-17 00:00:00",1,1,17,77,200812,12,"Semana 12",12,200803,03,Mar,3,20081,Q1,"Trimestre 1",1,20081,S1,"Semestre 1",1,2008,2008,2008
20080318,"2008-03-18 00:00:00",1,2,18,78,200812,12,"Semana 12",12,200803,03,Mar,3,20081,Q1,"Trimestre 1",1,20081,S1,"Semestre 1",1,2008,2008,2008
20080319,"2008-03-19 00:00:00",1,3,19,79,200812,12,"Semana 12",12,200803,03,Mar,3,20081,Q1,"Trimestre 1",1,20081,S1,"Semestre 1",1,2008,2008,2008
20080320,"2008-03-20 00:00:00",1,4,20,80,200812,12,"Semana 12",12,200803,03,Mar,3,20081,Q1,"Trimestre 1",1,20081,S1,"Semestre 1",1,2008,2008,2008
20080321,"2008-03-21 00:00:00",1,5,21,81,200812,12,"Semana 12",12,200803,03,Mar,3,20081,Q1,"Trimestre 1",1,20081,S1,"Semestre 1",1,2008,2008,2008
20080322,"2008-03-22 00:00:00",0,6,22,82,200812,12,"Semana 12",12,200803,03,Mar,3,20081,Q1,"Trimestre 1",1,20081,S1,"Semestre 1",1,2008,2008,2008
20080323,"2008-03-23 00:00:00",0,7,23,83,200812,12,"Semana 12",12,200803,03,Mar,3,20081,Q1,"Trimestre 1",1,20081,S1,"Semestre 1",1,2008,2008,2008
20080324,"2008-03-24 00:00:00",1,1,24,84,200813,13,"Semana 13",13,200803,03,Mar,3,20081,Q1,"Trimestre 1",1,20081,S1,"Semestre 1",1,2008,2008,2008
20080325,"2008-03-25 00:00:00",1,2,25,85,200813,13,"Semana 13",13,200803,03,Mar,3,20081,Q1,"Trimestre 1",1,20081,S1,"Semestre 1",1,2008,2008,2008
20080326,"2008-03-26 00:00:00",1,3,26,86,200813,13,"Semana 13",13,200803,03,Mar,3,20081,Q1,"Trimestre 1",1,20081,S1,"Semestre 1",1,2008,2008,2008
20080327,"2008-03-27 00:00:00",1,4,27,87,200813,13,"Semana 13",13,200803,03,Mar,3,20081,Q1,"Trimestre 1",1,20081,S1,"Semestre 1",1,2008,2008,2008
20080328,"2008-03-28 00:00:00",1,5,28,88,200813,13,"Semana 13",13,200803,03,Mar,3,20081,Q1,"Trimestre 1",1,20081,S1,"Semestre 1",1,2008,2008,2008
20080329,"2008-03-29 00:00:00",0,6,29,89,200813,13,"Semana 13",13,200803,03,Mar,3,20081,Q1,"Trimestre 1",1,20081,S1,"Semestre 1",1,2008,2008,2008
20080330,"2008-03-30 00:00:00",0,7,30,90,200813,13,"Semana 13",13,200803,03,Mar,3,20081,Q1,"Trimestre 1",1,20081,S1,"Semestre 1",1,2008,2008,2008
20080331,"2008-03-31 00:00:00",1,1,31,91,200814,14,"Semana 14",14,200803,03,Mar,3,20081,Q1,"Trimestre 1",1,20081,S1,"Semestre 1",1,2008,2008,2008
20080401,"2008-04-01 00:00:00",1,2,1,92,200814,14,"Semana 14",14,200804,04,Abr,4,20082,Q2,"Trimestre 2",2,20081,S1,"Semestre 1",1,2008,2008,2008
20080402,"2008-04-02 00:00:00",1,3,2,93,200814,14,"Semana 14",14,200804,04,Abr,4,20082,Q2,"Trimestre 2",2,20081,S1,"Semestre 1",1,2008,2008,2008
20080403,"2008-04-03 00:00:00",1,4,3,94,200814,14,"Semana 14",14,200804,04,Abr,4,20082,Q2,"Trimestre 2",2,20081,S1,"Semestre 1",1,2008,2008,2008
20080404,"2008-04-04 00:00:00",1,5,4,95,200814,14,"Semana 14",14,200804,04,Abr,4,20082,Q2,"Trimestre 2",2,20081,S1,"Semestre 1",1,2008,2008,2008
20080405,"2008-04-05 00:00:00",0,6,5,96,200814,14,"Semana 14",14,200804,04,Abr,4,20082,Q2,"Trimestre 2",2,20081,S1,"Semestre 1",1,2008,2008,2008
20080406,"2008-04-06 00:00:00",0,7,6,97,200814,14,"Semana 14",14,200804,04,Abr,4,20082,Q2,"Trimestre 2",2,20081,S1,"Semestre 1",1,2008,2008,2008
20080407,"2008-04-07 00:00:00",1,1,7,98,200815,15,"Semana 15",15,200804,04,Abr,4,20082,Q2,"Trimestre 2",2,20081,S1,"Semestre 1",1,2008,2008,2008
20080408,"2008-04-08 00:00:00",1,2,8,99,200815,15,"Semana 15",15,200804,04,Abr,4,20082,Q2,"Trimestre 2",2,20081,S1,"Semestre 1",1,2008,2008,2008
20080409,"2008-04-09 00:00:00",1,3,9,100,200815,15,"Semana 15",15,200804,04,Abr,4,20082,Q2,"Trimestre 2",2,20081,S1,"Semestre 1",1,2008,2008,2008
20080410,"2008-04-10 00:00:00",1,4,10,101,200815,15,"Semana 15",15,200804,04,Abr,4,20082,Q2,"Trimestre 2",2,20081,S1,"Semestre 1",1,2008,2008,2008
20080411,"2008-04-11 00:00:00",1,5,11,102,200815,15,"Semana 15",15,200804,04,Abr,4,20082,Q2,"Trimestre 2",2,20081,S1,"Semestre 1",1,2008,2008,2008
20080412,"2008-04-12 00:00:00",0,6,12,103,200815,15,"Semana 15",15,200804,04,Abr,4,20082,Q2,"Trimestre 2",2,20081,S1,"Semestre 1",1,2008,2008,2008
20080413,"2008-04-13 00:00:00",0,7,13,104,200815,15,"Semana 15",15,200804,04,Abr,4,20082,Q2,"Trimestre 2",2,20081,S1,"Semestre 1",1,2008,2008,2008
20080414,"2008-04-14 00:00:00",1,1,14,105,200816,16,"Semana 16",16,200804,04,Abr,4,20082,Q2,"Trimestre 2",2,20081,S1,"Semestre 1",1,2008,2008,2008
20080415,"2008-04-15 00:00:00",1,2,15,106,200816,16,"Semana 16",16,200804,04,Abr,4,20082,Q2,"Trimestre 2",2,20081,S1,"Semestre 1",1,2008,2008,2008
20080416,"2008-04-16 00:00:00",1,3,16,107,200816,16,"Semana 16",16,200804,04,Abr,4,20082,Q2,"Trimestre 2",2,20081,S1,"Semestre 1",1,2008,2008,2008
20080417,"2008-04-17 00:00:00",1,4,17,108,200816,16,"Semana 16",16,200804,04,Abr,4,20082,Q2,"Trimestre 2",2,20081,S1,"Semestre 1",1,2008,2008,2008
20080418,"2008-04-18 00:00:00",1,5,18,109,200816,16,"Semana 16",16,200804,04,Abr,4,20082,Q2,"Trimestre 2",2,20081,S1,"Semestre 1",1,2008,2008,2008
20080419,"2008-04-19 00:00:00",0,6,19,110,200816,16,"Semana 16",16,200804,04,Abr,4,20082,Q2,"Trimestre 2",2,20081,S1,"Semestre 1",1,2008,2008,2008
20080420,"2008-04-20 00:00:00",0,7,20,111,200816,16,"Semana 16",16,200804,04,Abr,4,20082,Q2,"Trimestre 2",2,20081,S1,"Semestre 1",1,2008,2008,2008
20080421,"2008-04-21 00:00:00",1,1,21,112,200817,17,"Semana 17",17,200804,04,Abr,4,20082,Q2,"Trimestre 2",2,20081,S1,"Semestre 1",1,2008,2008,2008
20080422,"2008-04-22 00:00:00",1,2,22,113,200817,17,"Semana 17",17,200804,04,Abr,4,20082,Q2,"Trimestre 2",2,20081,S1,"Semestre 1",1,2008,2008,2008
20080423,"2008-04-23 00:00:00",1,3,23,114,200817,17,"Semana 17",17,200804,04,Abr,4,20082,Q2,"Trimestre 2",2,20081,S1,"Semestre 1",1,2008,2008,2008
20080424,"2008-04-24 00:00:00",1,4,24,115,200817,17,"Semana 17",17,200804,04,Abr,4,20082,Q2,"Trimestre 2",2,20081,S1,"Semestre 1",1,2008,2008,2008
20080425,"2008-04-25 00:00:00",1,5,25,116,200817,17,"Semana 17",17,200804,04,Abr,4,20082,Q2,"Trimestre 2",2,20081,S1,"Semestre 1",1,2008,2008,2008
20080426,"2008-04-26 00:00:00",0,6,26,117,200817,17,"Semana 17",17,200804,04,Abr,4,20082,Q2,"Trimestre 2",2,20081,S1,"Semestre 1",1,2008,2008,2008
20080427,"2008-04-27 00:00:00",0,7,27,118,200817,17,"Semana 17",17,200804,04,Abr,4,20082,Q2,"Trimestre 2",2,20081,S1,"Semestre 1",1,2008,2008,2008
20080428,"2008-04-28 00:00:00",1,1,28,119,200818,18,"Semana 18",18,200804,04,Abr,4,20082,Q2,"Trimestre 2",2,20081,S1,"Semestre 1",1,2008,2008,2008
20080429,"2008-04-29 00:00:00",1,2,29,120,200818,18,"Semana 18",18,200804,04,Abr,4,20082,Q2,"Trimestre 2",2,20081,S1,"Semestre 1",1,2008,2008,2008
20080430,"2008-04-30 00:00:00",1,3,30,121,200818,18,"Semana 18",18,200804,04,Abr,4,20082,Q2,"Trimestre 2",2,20081,S1,"Semestre 1",1,2008,2008,2008
20080501,"2008-05-01 00:00:00",1,4,1,122,200818,18,"Semana 18",18,200805,05,Mai,5,20082,Q2,"Trimestre 2",2,20081,S1,"Semestre 1",1,2008,2008,2008
20080502,"2008-05-02 00:00:00",1,5,2,123,200818,18,"Semana 18",18,200805,05,Mai,5,20082,Q2,"Trimestre 2",2,20081,S1,"Semestre 1",1,2008,2008,2008
20080503,"2008-05-03 00:00:00",0,6,3,124,200818,18,"Semana 18",18,200805,05,Mai,5,20082,Q2,"Trimestre 2",2,20081,S1,"Semestre 1",1,2008,2008,2008
20080504,"2008-05-04 00:00:00",0,7,4,125,200818,18,"Semana 18",18,200805,05,Mai,5,20082,Q2,"Trimestre 2",2,20081,S1,"Semestre 1",1,2008,2008,2008
20080505,"2008-05-05 00:00:00",1,1,5,126,200819,19,"Semana 19",19,200805,05,Mai,5,20082,Q2,"Trimestre 2",2,20081,S1,"Semestre 1",1,2008,2008,2008
20080506,"2008-05-06 00:00:00",1,2,6,127,200819,19,"Semana 19",19,200805,05,Mai,5,20082,Q2,"Trimestre 2",2,20081,S1,"Semestre 1",1,2008,2008,2008
20080507,"2008-05-07 00:00:00",1,3,7,128,200819,19,"Semana 19",19,200805,05,Mai,5,20082,Q2,"Trimestre 2",2,20081,S1,"Semestre 1",1,2008,2008,2008
20080508,"2008-05-08 00:00:00",1,4,8,129,200819,19,"Semana 19",19,200805,05,Mai,5,20082,Q2,"Trimestre 2",2,20081,S1,"Semestre 1",1,2008,2008,2008
20080509,"2008-05-09 00:00:00",1,5,9,130,200819,19,"Semana 19",19,200805,05,Mai,5,20082,Q2,"Trimestre 2",2,20081,S1,"Semestre 1",1,2008,2008,2008
20080510,"2008-05-10 00:00:00",0,6,10,131,200819,19,"Semana 19",19,200805,05,Mai,5,20082,Q2,"Trimestre 2",2,20081,S1,"Semestre 1",1,2008,2008,2008
20080511,"2008-05-11 00:00:00",0,7,11,132,200819,19,"Semana 19",19,200805,05,Mai,5,20082,Q2,"Trimestre 2",2,20081,S1,"Semestre 1",1,2008,2008,2008
20080512,"2008-05-12 00:00:00",1,1,12,133,200820,20,"Semana 20",20,200805,05,Mai,5,20082,Q2,"Trimestre 2",2,20081,S1,"Semestre 1",1,2008,2008,2008
20080513,"2008-05-13 00:00:00",1,2,13,134,200820,20,"Semana 20",20,200805,05,Mai,5,20082,Q2,"Trimestre 2",2,20081,S1,"Semestre 1",1,2008,2008,2008
20080514,"2008-05-14 00:00:00",1,3,14,135,200820,20,"Semana 20",20,200805,05,Mai,5,20082,Q2,"Trimestre 2",2,20081,S1,"Semestre 1",1,2008,2008,2008
20080515,"2008-05-15 00:00:00",1,4,15,136,200820,20,"Semana 20",20,200805,05,Mai,5,20082,Q2,"Trimestre 2",2,20081,S1,"Semestre 1",1,2008,2008,2008
20080516,"2008-05-16 00:00:00",1,5,16,137,200820,20,"Semana 20",20,200805,05,Mai,5,20082,Q2,"Trimestre 2",2,20081,S1,"Semestre 1",1,2008,2008,2008
20080517,"2008-05-17 00:00:00",0,6,17,138,200820,20,"Semana 20",20,200805,05,Mai,5,20082,Q2,"Trimestre 2",2,20081,S1,"Semestre 1",1,2008,2008,2008
20080518,"2008-05-18 00:00:00",0,7,18,139,200820,20,"Semana 20",20,200805,05,Mai,5,20082,Q2,"Trimestre 2",2,20081,S1,"Semestre 1",1,2008,2008,2008
20080519,"2008-05-19 00:00:00",1,1,19,140,200821,21,"Semana 21",21,200805,05,Mai,5,20082,Q2,"Trimestre 2",2,20081,S1,"Semestre 1",1,2008,2008,2008
20080520,"2008-05-20 00:00:00",1,2,20,141,200821,21,"Semana 21",21,200805,05,Mai,5,20082,Q2,"Trimestre 2",2,20081,S1,"Semestre 1",1,2008,2008,2008
20080521,"2008-05-21 00:00:00",1,3,21,142,200821,21,"Semana 21",21,200805,05,Mai,5,20082,Q2,"Trimestre 2",2,20081,S1,"Semestre 1",1,2008,2008,2008
20080522,"2008-05-22 00:00:00",1,4,22,143,200821,21,"Semana 21",21,200805,05,Mai,5,20082,Q2,"Trimestre 2",2,20081,S1,"Semestre 1",1,2008,2008,2008
20080523,"2008-05-23 00:00:00",1,5,23,144,200821,21,"Semana 21",21,200805,05,Mai,5,20082,Q2,"Trimestre 2",2,20081,S1,"Semestre 1",1,2008,2008,2008
20080524,"2008-05-24 00:00:00",0,6,24,145,200821,21,"Semana 21",21,200805,05,Mai,5,20082,Q2,"Trimestre 2",2,20081,S1,"Semestre 1",1,2008,2008,2008
20080525,"2008-05-25 00:00:00",0,7,25,146,200821,21,"Semana 21",21,200805,05,Mai,5,20082,Q2,"Trimestre 2",2,20081,S1,"Semestre 1",1,2008,2008,2008
20080526,"2008-05-26 00:00:00",1,1,26,147,200822,22,"Semana 22",22,200805,05,Mai,5,20082,Q2,"Trimestre 2",2,20081,S1,"Semestre 1",1,2008,2008,2008
20080527,"2008-05-27 00:00:00",1,2,27,148,200822,22,"Semana 22",22,200805,05,Mai,5,20082,Q2,"Trimestre 2",2,20081,S1,"Semestre 1",1,2008,2008,2008
20080528,"2008-05-28 00:00:00",1,3,28,149,200822,22,"Semana 22",22,200805,05,Mai,5,20082,Q2,"Trimestre 2",2,20081,S1,"Semestre 1",1,2008,2008,2008
20080529,"2008-05-29 00:00:00",1,4,29,150,200822,22,"Semana 22",22,200805,05,Mai,5,20082,Q2,"Trimestre 2",2,20081,S1,"Semestre 1",1,2008,2008,2008
20080530,"2008-05-30 00:00:00",1,5,30,151,200822,22,"Semana 22",22,200805,05,Mai,5,20082,Q2,"Trimestre 2",2,20081,S1,"Semestre 1",1,2008,2008,2008
20080531,"2008-05-31 00:00:00",0,6,31,152,200822,22,"Semana 22",22,200805,05,Mai,5,20082,Q2,"Trimestre 2",2,20081,S1,"Semestre 1",1,2008,2008,2008
20080601,"2008-06-01 00:00:00",0,7,1,153,200822,22,"Semana 22",22,200806,06,Jun,6,20082,Q2,"Trimestre 2",2,20081,S1,"Semestre 1",1,2008,2008,2008
20080602,"2008-06-02 00:00:00",1,1,2,154,200823,23,"Semana 23",23,200806,06,Jun,6,20082,Q2,"Trimestre 2",2,20081,S1,"Semestre 1",1,2008,2008,2008
20080603,"2008-06-03 00:00:00",1,2,3,155,200823,23,"Semana 23",23,200806,06,Jun,6,20082,Q2,"Trimestre 2",2,20081,S1,"Semestre 1",1,2008,2008,2008
20080604,"2008-06-04 00:00:00",1,3,4,156,200823,23,"Semana 23",23,200806,06,Jun,6,20082,Q2,"Trimestre 2",2,20081,S1,"Semestre 1",1,2008,2008,2008
20080605,"2008-06-05 00:00:00",1,4,5,157,200823,23,"Semana 23",23,200806,06,Jun,6,20082,Q2,"Trimestre 2",2,20081,S1,"Semestre 1",1,2008,2008,2008
20080606,"2008-06-06 00:00:00",1,5,6,158,200823,23,"Semana 23",23,200806,06,Jun,6,20082,Q2,"Trimestre 2",2,20081,S1,"Semestre 1",1,2008,2008,2008
20080607,"2008-06-07 00:00:00",0,6,7,159,200823,23,"Semana 23",23,200806,06,Jun,6,20082,Q2,"Trimestre 2",2,20081,S1,"Semestre 1",1,2008,2008,2008
20080608,"2008-06-08 00:00:00",0,7,8,160,200823,23,"Semana 23",23,200806,06,Jun,6,20082,Q2,"Trimestre 2",2,20081,S1,"Semestre 1",1,2008,2008,2008
20080609,"2008-06-09 00:00:00",1,1,9,161,200824,24,"Semana 24",24,200806,06,Jun,6,20082,Q2,"Trimestre 2",2,20081,S1,"Semestre 1",1,2008,2008,2008
20080610,"2008-06-10 00:00:00",1,2,10,162,200824,24,"Semana 24",24,200806,06,Jun,6,20082,Q2,"Trimestre 2",2,20081,S1,"Semestre 1",1,2008,2008,2008
20080611,"2008-06-11 00:00:00",1,3,11,163,200824,24,"Semana 24",24,200806,06,Jun,6,20082,Q2,"Trimestre 2",2,20081,S1,"Semestre 1",1,2008,2008,2008
20080612,"2008-06-12 00:00:00",1,4,12,164,200824,24,"Semana 24",24,200806,06,Jun,6,20082,Q2,"Trimestre 2",2,20081,S1,"Semestre 1",1,2008,2008,2008
20080613,"2008-06-13 00:00:00",1,5,13,165,200824,24,"Semana 24",24,200806,06,Jun,6,20082,Q2,"Trimestre 2",2,20081,S1,"Semestre 1",1,2008,2008,2008
20080614,"2008-06-14 00:00:00",0,6,14,166,200824,24,"Semana 24",24,200806,06,Jun,6,20082,Q2,"Trimestre 2",2,20081,S1,"Semestre 1",1,2008,2008,2008
20080615,"2008-06-15 00:00:00",0,7,15,167,200824,24,"Semana 24",24,200806,06,Jun,6,20082,Q2,"Trimestre 2",2,20081,S1,"Semestre 1",1,2008,2008,2008
20080616,"2008-06-16 00:00:00",1,1,16,168,200825,25,"Semana 25",25,200806,06,Jun,6,20082,Q2,"Trimestre 2",2,20081,S1,"Semestre 1",1,2008,2008,2008
20080617,"2008-06-17 00:00:00",1,2,17,169,200825,25,"Semana 25",25,200806,06,Jun,6,20082,Q2,"Trimestre 2",2,20081,S1,"Semestre 1",1,2008,2008,2008
20080618,"2008-06-18 00:00:00",1,3,18,170,200825,25,"Semana 25",25,200806,06,Jun,6,20082,Q2,"Trimestre 2",2,20081,S1,"Semestre 1",1,2008,2008,2008
20080619,"2008-06-19 00:00:00",1,4,19,171,200825,25,"Semana 25",25,200806,06,Jun,6,20082,Q2,"Trimestre 2",2,20081,S1,"Semestre 1",1,2008,2008,2008
20080620,"2008-06-20 00:00:00",1,5,20,172,200825,25,"Semana 25",25,200806,06,Jun,6,20082,Q2,"Trimestre 2",2,20081,S1,"Semestre 1",1,2008,2008,2008
20080621,"2008-06-21 00:00:00",0,6,21,173,200825,25,"Semana 25",25,200806,06,Jun,6,20082,Q2,"Trimestre 2",2,20081,S1,"Semestre 1",1,2008,2008,2008
20080622,"2008-06-22 00:00:00",0,7,22,174,200825,25,"Semana 25",25,200806,06,Jun,6,20082,Q2,"Trimestre 2",2,20081,S1,"Semestre 1",1,2008,2008,2008
20080623,"2008-06-23 00:00:00",1,1,23,175,200826,26,"Semana 26",26,200806,06,Jun,6,20082,Q2,"Trimestre 2",2,20081,S1,"Semestre 1",1,2008,2008,2008
20080624,"2008-06-24 00:00:00",1,2,24,176,200826,26,"Semana 26",26,200806,06,Jun,6,20082,Q2,"Trimestre 2",2,20081,S1,"Semestre 1",1,2008,2008,2008
20080625,"2008-06-25 00:00:00",1,3,25,177,200826,26,"Semana 26",26,200806,06,Jun,6,20082,Q2,"Trimestre 2",2,20081,S1,"Semestre 1",1,2008,2008,2008
20080626,"2008-06-26 00:00:00",1,4,26,178,200826,26,"Semana 26",26,200806,06,Jun,6,20082,Q2,"Trimestre 2",2,20081,S1,"Semestre 1",1,2008,2008,2008
20080627,"2008-06-27 00:00:00",1,5,27,179,200826,26,"Semana 26",26,200806,06,Jun,6,20082,Q2,"Trimestre 2",2,20081,S1,"Semestre 1",1,2008,2008,2008
20080628,"2008-06-28 00:00:00",0,6,28,180,200826,26,"Semana 26",26,200806,06,Jun,6,20082,Q2,"Trimestre 2",2,20081,S1,"Semestre 1",1,2008,2008,2008
20080629,"2008-06-29 00:00:00",0,7,29,181,200826,26,"Semana 26",26,200806,06,Jun,6,20082,Q2,"Trimestre 2",2,20081,S1,"Semestre 1",1,2008,2008,2008
20080630,"2008-06-30 00:00:00",1,1,30,182,200827,27,"Semana 27",27,200806,06,Jun,6,20082,Q2,"Trimestre 2",2,20081,S1,"Semestre 1",1,2008,2008,2008
20080701,"2008-07-01 00:00:00",1,2,1,183,200827,27,"Semana 27",27,200807,07,Jul,7,20083,Q3,"Trimestre 3",3,20082,S2,"Semestre 2",2,2008,2008,2008
20080702,"2008-07-02 00:00:00",1,3,2,184,200827,27,"Semana 27",27,200807,07,Jul,7,20083,Q3,"Trimestre 3",3,20082,S2,"Semestre 2",2,2008,2008,2008
20080703,"2008-07-03 00:00:00",1,4,3,185,200827,27,"Semana 27",27,200807,07,Jul,7,20083,Q3,"Trimestre 3",3,20082,S2,"Semestre 2",2,2008,2008,2008
20080704,"2008-07-04 00:00:00",1,5,4,186,200827,27,"Semana 27",27,200807,07,Jul,7,20083,Q3,"Trimestre 3",3,20082,S2,"Semestre 2",2,2008,2008,2008
20080705,"2008-07-05 00:00:00",0,6,5,187,200827,27,"Semana 27",27,200807,07,Jul,7,20083,Q3,"Trimestre 3",3,20082,S2,"Semestre 2",2,2008,2008,2008
20080706,"2008-07-06 00:00:00",0,7,6,188,200827,27,"Semana 27",27,200807,07,Jul,7,20083,Q3,"Trimestre 3",3,20082,S2,"Semestre 2",2,2008,2008,2008
20080707,"2008-07-07 00:00:00",1,1,7,189,200828,28,"Semana 28",28,200807,07,Jul,7,20083,Q3,"Trimestre 3",3,20082,S2,"Semestre 2",2,2008,2008,2008
20080708,"2008-07-08 00:00:00",1,2,8,190,200828,28,"Semana 28",28,200807,07,Jul,7,20083,Q3,"Trimestre 3",3,20082,S2,"Semestre 2",2,2008,2008,2008
20080709,"2008-07-09 00:00:00",1,3,9,191,200828,28,"Semana 28",28,200807,07,Jul,7,20083,Q3,"Trimestre 3",3,20082,S2,"Semestre 2",2,2008,2008,2008
20080710,"2008-07-10 00:00:00",1,4,10,192,200828,28,"Semana 28",28,200807,07,Jul,7,20083,Q3,"Trimestre 3",3,20082,S2,"Semestre 2",2,2008,2008,2008
20080711,"2008-07-11 00:00:00",1,5,11,193,200828,28,"Semana 28",28,200807,07,Jul,7,20083,Q3,"Trimestre 3",3,20082,S2,"Semestre 2",2,2008,2008,2008
20080712,"2008-07-12 00:00:00",0,6,12,194,200828,28,"Semana 28",28,200807,07,Jul,7,20083,Q3,"Trimestre 3",3,20082,S2,"Semestre 2",2,2008,2008,2008
20080713,"2008-07-13 00:00:00",0,7,13,195,200828,28,"Semana 28",28,200807,07,Jul,7,20083,Q3,"Trimestre 3",3,20082,S2,"Semestre 2",2,2008,2008,2008
20080714,"2008-07-14 00:00:00",1,1,14,196,200829,29,"Semana 29",29,200807,07,Jul,7,20083,Q3,"Trimestre 3",3,20082,S2,"Semestre 2",2,2008,2008,2008
20080715,"2008-07-15 00:00:00",1,2,15,197,200829,29,"Semana 29",29,200807,07,Jul,7,20083,Q3,"Trimestre 3",3,20082,S2,"Semestre 2",2,2008,2008,2008
20080716,"2008-07-16 00:00:00",1,3,16,198,200829,29,"Semana 29",29,200807,07,Jul,7,20083,Q3,"Trimestre 3",3,20082,S2,"Semestre 2",2,2008,2008,2008
20080717,"2008-07-17 00:00:00",1,4,17,199,200829,29,"Semana 29",29,200807,07,Jul,7,20083,Q3,"Trimestre 3",3,20082,S2,"Semestre 2",2,2008,2008,2008
20080718,"2008-07-18 00:00:00",1,5,18,200,200829,29,"Semana 29",29,200807,07,Jul,7,20083,Q3,"Trimestre 3",3,20082,S2,"Semestre 2",2,2008,2008,2008
20080719,"2008-07-19 00:00:00",0,6,19,201,200829,29,"Semana 29",29,200807,07,Jul,7,20083,Q3,"Trimestre 3",3,20082,S2,"Semestre 2",2,2008,2008,2008
20080720,"2008-07-20 00:00:00",0,7,20,202,200829,29,"Semana 29",29,200807,07,Jul,7,20083,Q3,"Trimestre 3",3,20082,S2,"Semestre 2",2,2008,2008,2008
20080721,"2008-07-21 00:00:00",1,1,21,203,200830,30,"Semana 30",30,200807,07,Jul,7,20083,Q3,"Trimestre 3",3,20082,S2,"Semestre 2",2,2008,2008,2008
20080722,"2008-07-22 00:00:00",1,2,22,204,200830,30,"Semana 30",30,200807,07,Jul,7,20083,Q3,"Trimestre 3",3,20082,S2,"Semestre 2",2,2008,2008,2008
20080723,"2008-07-23 00:00:00",1,3,23,205,200830,30,"Semana 30",30,200807,07,Jul,7,20083,Q3,"Trimestre 3",3,20082,S2,"Semestre 2",2,2008,2008,2008
20080724,"2008-07-24 00:00:00",1,4,24,206,200830,30,"Semana 30",30,200807,07,Jul,7,20083,Q3,"Trimestre 3",3,20082,S2,"Semestre 2",2,2008,2008,2008
20080725,"2008-07-25 00:00:00",1,5,25,207,200830,30,"Semana 30",30,200807,07,Jul,7,20083,Q3,"Trimestre 3",3,20082,S2,"Semestre 2",2,2008,2008,2008
20080726,"2008-07-26 00:00:00",0,6,26,208,200830,30,"Semana 30",30,200807,07,Jul,7,20083,Q3,"Trimestre 3",3,20082,S2,"Semestre 2",2,2008,2008,2008
20080727,"2008-07-27 00:00:00",0,7,27,209,200830,30,"Semana 30",30,200807,07,Jul,7,20083,Q3,"Trimestre 3",3,20082,S2,"Semestre 2",2,2008,2008,2008
20080728,"2008-07-28 00:00:00",1,1,28,210,200831,31,"Semana 31",31,200807,07,Jul,7,20083,Q3,"Trimestre 3",3,20082,S2,"Semestre 2",2,2008,2008,2008
20080729,"2008-07-29 00:00:00",1,2,29,211,200831,31,"Semana 31",31,200807,07,Jul,7,20083,Q3,"Trimestre 3",3,20082,S2,"Semestre 2",2,2008,2008,2008
20080730,"2008-07-30 00:00:00",1,3,30,212,200831,31,"Semana 31",31,200807,07,Jul,7,20083,Q3,"Trimestre 3",3,20082,S2,"Semestre 2",2,2008,2008,2008
20080731,"2008-07-31 00:00:00",1,4,31,213,200831,31,"Semana 31",31,200807,07,Jul,7,20083,Q3,"Trimestre 3",3,20082,S2,"Semestre 2",2,2008,2008,2008
20080801,"2008-08-01 00:00:00",1,5,1,214,200831,31,"Semana 31",31,200808,08,Ago,8,20083,Q3,"Trimestre 3",3,20082,S2,"Semestre 2",2,2008,2008,2008
20080802,"2008-08-02 00:00:00",0,6,2,215,200831,31,"Semana 31",31,200808,08,Ago,8,20083,Q3,"Trimestre 3",3,20082,S2,"Semestre 2",2,2008,2008,2008
20080803,"2008-08-03 00:00:00",0,7,3,216,200831,31,"Semana 31",31,200808,08,Ago,8,20083,Q3,"Trimestre 3",3,20082,S2,"Semestre 2",2,2008,2008,2008
20080804,"2008-08-04 00:00:00",1,1,4,217,200832,32,"Semana 32",32,200808,08,Ago,8,20083,Q3,"Trimestre 3",3,20082,S2,"Semestre 2",2,2008,2008,2008
20080805,"2008-08-05 00:00:00",1,2,5,218,200832,32,"Semana 32",32,200808,08,Ago,8,20083,Q3,"Trimestre 3",3,20082,S2,"Semestre 2",2,2008,2008,2008
20080806,"2008-08-06 00:00:00",1,3,6,219,200832,32,"Semana 32",32,200808,08,Ago,8,20083,Q3,"Trimestre 3",3,20082,S2,"Semestre 2",2,2008,2008,2008
20080807,"2008-08-07 00:00:00",1,4,7,220,200832,32,"Semana 32",32,200808,08,Ago,8,20083,Q3,"Trimestre 3",3,20082,S2,"Semestre 2",2,2008,2008,2008
20080808,"2008-08-08 00:00:00",1,5,8,221,200832,32,"Semana 32",32,200808,08,Ago,8,20083,Q3,"Trimestre 3",3,20082,S2,"Semestre 2",2,2008,2008,2008
20080809,"2008-08-09 00:00:00",0,6,9,222,200832,32,"Semana 32",32,200808,08,Ago,8,20083,Q3,"Trimestre 3",3,20082,S2,"Semestre 2",2,2008,2008,2008
20080810,"2008-08-10 00:00:00",0,7,10,223,200832,32,"Semana 32",32,200808,08,Ago,8,20083,Q3,"Trimestre 3",3,20082,S2,"Semestre 2",2,2008,2008,2008
20080811,"2008-08-11 00:00:00",1,1,11,224,200833,33,"Semana 33",33,200808,08,Ago,8,20083,Q3,"Trimestre 3",3,20082,S2,"Semestre 2",2,2008,2008,2008
20080812,"2008-08-12 00:00:00",1,2,12,225,200833,33,"Semana 33",33,200808,08,Ago,8,20083,Q3,"Trimestre 3",3,20082,S2,"Semestre 2",2,2008,2008,2008
20080813,"2008-08-13 00:00:00",1,3,13,226,200833,33,"Semana 33",33,200808,08,Ago,8,20083,Q3,"Trimestre 3",3,20082,S2,"Semestre 2",2,2008,2008,2008
20080814,"2008-08-14 00:00:00",1,4,14,227,200833,33,"Semana 33",33,200808,08,Ago,8,20083,Q3,"Trimestre 3",3,20082,S2,"Semestre 2",2,2008,2008,2008
20080815,"2008-08-15 00:00:00",1,5,15,228,200833,33,"Semana 33",33,200808,08,Ago,8,20083,Q3,"Trimestre 3",3,20082,S2,"Semestre 2",2,2008,2008,2008
20080816,"2008-08-16 00:00:00",0,6,16,229,200833,33,"Semana 33",33,200808,08,Ago,8,20083,Q3,"Trimestre 3",3,20082,S2,"Semestre 2",2,2008,2008,2008
20080817,"2008-08-17 00:00:00",0,7,17,230,200833,33,"Semana 33",33,200808,08,Ago,8,20083,Q3,"Trimestre 3",3,20082,S2,"Semestre 2",2,2008,2008,2008
20080818,"2008-08-18 00:00:00",1,1,18,231,200834,34,"Semana 34",34,200808,08,Ago,8,20083,Q3,"Trimestre 3",3,20082,S2,"Semestre 2",2,2008,2008,2008
20080819,"2008-08-19 00:00:00",1,2,19,232,200834,34,"Semana 34",34,200808,08,Ago,8,20083,Q3,"Trimestre 3",3,20082,S2,"Semestre 2",2,2008,2008,2008
20080820,"2008-08-20 00:00:00",1,3,20,233,200834,34,"Semana 34",34,200808,08,Ago,8,20083,Q3,"Trimestre 3",3,20082,S2,"Semestre 2",2,2008,2008,2008
20080821,"2008-08-21 00:00:00",1,4,21,234,200834,34,"Semana 34",34,200808,08,Ago,8,20083,Q3,"Trimestre 3",3,20082,S2,"Semestre 2",2,2008,2008,2008
20080822,"2008-08-22 00:00:00",1,5,22,235,200834,34,"Semana 34",34,200808,08,Ago,8,20083,Q3,"Trimestre 3",3,20082,S2,"Semestre 2",2,2008,2008,2008
20080823,"2008-08-23 00:00:00",0,6,23,236,200834,34,"Semana 34",34,200808,08,Ago,8,20083,Q3,"Trimestre 3",3,20082,S2,"Semestre 2",2,2008,2008,2008
20080824,"2008-08-24 00:00:00",0,7,24,237,200834,34,"Semana 34",34,200808,08,Ago,8,20083,Q3,"Trimestre 3",3,20082,S2,"Semestre 2",2,2008,2008,2008
20080825,"2008-08-25 00:00:00",1,1,25,238,200835,35,"Semana 35",35,200808,08,Ago,8,20083,Q3,"Trimestre 3",3,20082,S2,"Semestre 2",2,2008,2008,2008
20080826,"2008-08-26 00:00:00",1,2,26,239,200835,35,"Semana 35",35,200808,08,Ago,8,20083,Q3,"Trimestre 3",3,20082,S2,"Semestre 2",2,2008,2008,2008
20080827,"2008-08-27 00:00:00",1,3,27,240,200835,35,"Semana 35",35,200808,08,Ago,8,20083,Q3,"Trimestre 3",3,20082,S2,"Semestre 2",2,2008,2008,2008
20080828,"2008-08-28 00:00:00",1,4,28,241,200835,35,"Semana 35",35,200808,08,Ago,8,20083,Q3,"Trimestre 3",3,20082,S2,"Semestre 2",2,2008,2008,2008
20080829,"2008-08-29 00:00:00",1,5,29,242,200835,35,"Semana 35",35,200808,08,Ago,8,20083,Q3,"Trimestre 3",3,20082,S2,"Semestre 2",2,2008,2008,2008
20080830,"2008-08-30 00:00:00",0,6,30,243,200835,35,"Semana 35",35,200808,08,Ago,8,20083,Q3,"Trimestre 3",3,20082,S2,"Semestre 2",2,2008,2008,2008
20080831,"2008-08-31 00:00:00",0,7,31,244,200835,35,"Semana 35",35,200808,08,Ago,8,20083,Q3,"Trimestre 3",3,20082,S2,"Semestre 2",2,2008,2008,2008
20080901,"2008-09-01 00:00:00",1,1,1,245,200836,36,"Semana 36",36,200809,09,Set,9,20083,Q3,"Trimestre 3",3,20082,S2,"Semestre 2",2,2008,2008,2008
20080902,"2008-09-02 00:00:00",1,2,2,246,200836,36,"Semana 36",36,200809,09,Set,9,20083,Q3,"Trimestre 3",3,20082,S2,"Semestre 2",2,2008,2008,2008
20080903,"2008-09-03 00:00:00",1,3,3,247,200836,36,"Semana 36",36,200809,09,Set,9,20083,Q3,"Trimestre 3",3,20082,S2,"Semestre 2",2,2008,2008,2008
20080904,"2008-09-04 00:00:00",1,4,4,248,200836,36,"Semana 36",36,200809,09,Set,9,20083,Q3,"Trimestre 3",3,20082,S2,"Semestre 2",2,2008,2008,2008
20080905,"2008-09-05 00:00:00",1,5,5,249,200836,36,"Semana 36",36,200809,09,Set,9,20083,Q3,"Trimestre 3",3,20082,S2,"Semestre 2",2,2008,2008,2008
20080906,"2008-09-06 00:00:00",0,6,6,250,200836,36,"Semana 36",36,200809,09,Set,9,20083,Q3,"Trimestre 3",3,20082,S2,"Semestre 2",2,2008,2008,2008
20080907,"2008-09-07 00:00:00",0,7,7,251,200836,36,"Semana 36",36,200809,09,Set,9,20083,Q3,"Trimestre 3",3,20082,S2,"Semestre 2",2,2008,2008,2008
20080908,"2008-09-08 00:00:00",1,1,8,252,200837,37,"Semana 37",37,200809,09,Set,9,20083,Q3,"Trimestre 3",3,20082,S2,"Semestre 2",2,2008,2008,2008
20080909,"2008-09-09 00:00:00",1,2,9,253,200837,37,"Semana 37",37,200809,09,Set,9,20083,Q3,"Trimestre 3",3,20082,S2,"Semestre 2",2,2008,2008,2008
20080910,"2008-09-10 00:00:00",1,3,10,254,200837,37,"Semana 37",37,200809,09,Set,9,20083,Q3,"Trimestre 3",3,20082,S2,"Semestre 2",2,2008,2008,2008
20080911,"2008-09-11 00:00:00",1,4,11,255,200837,37,"Semana 37",37,200809,09,Set,9,20083,Q3,"Trimestre 3",3,20082,S2,"Semestre 2",2,2008,2008,2008
20080912,"2008-09-12 00:00:00",1,5,12,256,200837,37,"Semana 37",37,200809,09,Set,9,20083,Q3,"Trimestre 3",3,20082,S2,"Semestre 2",2,2008,2008,2008
20080913,"2008-09-13 00:00:00",0,6,13,257,200837,37,"Semana 37",37,200809,09,Set,9,20083,Q3,"Trimestre 3",3,20082,S2,"Semestre 2",2,2008,2008,2008
20080914,"2008-09-14 00:00:00",0,7,14,258,200837,37,"Semana 37",37,200809,09,Set,9,20083,Q3,"Trimestre 3",3,20082,S2,"Semestre 2",2,2008,2008,2008
20080915,"2008-09-15 00:00:00",1,1,15,259,200838,38,"Semana 38",38,200809,09,Set,9,20083,Q3,"Trimestre 3",3,20082,S2,"Semestre 2",2,2008,2008,2008
20080916,"2008-09-16 00:00:00",1,2,16,260,200838,38,"Semana 38",38,200809,09,Set,9,20083,Q3,"Trimestre 3",3,20082,S2,"Semestre 2",2,2008,2008,2008
20080917,"2008-09-17 00:00:00",1,3,17,261,200838,38,"Semana 38",38,200809,09,Set,9,20083,Q3,"Trimestre 3",3,20082,S2,"Semestre 2",2,2008,2008,2008
20080918,"2008-09-18 00:00:00",1,4,18,262,200838,38,"Semana 38",38,200809,09,Set,9,20083,Q3,"Trimestre 3",3,20082,S2,"Semestre 2",2,2008,2008,2008
20080919,"2008-09-19 00:00:00",1,5,19,263,200838,38,"Semana 38",38,200809,09,Set,9,20083,Q3,"Trimestre 3",3,20082,S2,"Semestre 2",2,2008,2008,2008
20080920,"2008-09-20 00:00:00",0,6,20,264,200838,38,"Semana 38",38,200809,09,Set,9,20083,Q3,"Trimestre 3",3,20082,S2,"Semestre 2",2,2008,2008,2008
20080921,"2008-09-21 00:00:00",0,7,21,265,200838,38,"Semana 38",38,200809,09,Set,9,20083,Q3,"Trimestre 3",3,20082,S2,"Semestre 2",2,2008,2008,2008
20080922,"2008-09-22 00:00:00",1,1,22,266,200839,39,"Semana 39",39,200809,09,Set,9,20083,Q3,"Trimestre 3",3,20082,S2,"Semestre 2",2,2008,2008,2008
20080923,"2008-09-23 00:00:00",1,2,23,267,200839,39,"Semana 39",39,200809,09,Set,9,20083,Q3,"Trimestre 3",3,20082,S2,"Semestre 2",2,2008,2008,2008
20080924,"2008-09-24 00:00:00",1,3,24,268,200839,39,"Semana 39",39,200809,09,Set,9,20083,Q3,"Trimestre 3",3,20082,S2,"Semestre 2",2,2008,2008,2008
20080925,"2008-09-25 00:00:00",1,4,25,269,200839,39,"Semana 39",39,200809,09,Set,9,20083,Q3,"Trimestre 3",3,20082,S2,"Semestre 2",2,2008,2008,2008
20080926,"2008-09-26 00:00:00",1,5,26,270,200839,39,"Semana 39",39,200809,09,Set,9,20083,Q3,"Trimestre 3",3,20082,S2,"Semestre 2",2,2008,2008,2008
20080927,"2008-09-27 00:00:00",0,6,27,271,200839,39,"Semana 39",39,200809,09,Set,9,20083,Q3,"Trimestre 3",3,20082,S2,"Semestre 2",2,2008,2008,2008
20080928,"2008-09-28 00:00:00",0,7,28,272,200839,39,"Semana 39",39,200809,09,Set,9,20083,Q3,"Trimestre 3",3,20082,S2,"Semestre 2",2,2008,2008,2008
20080929,"2008-09-29 00:00:00",1,1,29,273,200840,40,"Semana 40",40,200809,09,Set,9,20083,Q3,"Trimestre 3",3,20082,S2,"Semestre 2",2,2008,2008,2008
20080930,"2008-09-30 00:00:00",1,2,30,274,200840,40,"Semana 40",40,200809,09,Set,9,20083,Q3,"Trimestre 3",3,20082,S2,"Semestre 2",2,2008,2008,2008
20081001,"2008-10-01 00:00:00",1,3,1,275,200840,40,"Semana 40",40,200810,10,Out,10,20084,Q4,"Trimestre 4",4,20082,S2,"Semestre 2",2,2008,2008,2008
20081002,"2008-10-02 00:00:00",1,4,2,276,200840,40,"Semana 40",40,200810,10,Out,10,20084,Q4,"Trimestre 4",4,20082,S2,"Semestre 2",2,2008,2008,2008
20081003,"2008-10-03 00:00:00",1,5,3,277,200840,40,"Semana 40",40,200810,10,Out,10,20084,Q4,"Trimestre 4",4,20082,S2,"Semestre 2",2,2008,2008,2008
20081004,"2008-10-04 00:00:00",0,6,4,278,200840,40,"Semana 40",40,200810,10,Out,10,20084,Q4,"Trimestre 4",4,20082,S2,"Semestre 2",2,2008,2008,2008
20081005,"2008-10-05 00:00:00",0,7,5,279,200840,40,"Semana 40",40,200810,10,Out,10,20084,Q4,"Trimestre 4",4,20082,S2,"Semestre 2",2,2008,2008,2008
20081006,"2008-10-06 00:00:00",1,1,6,280,200841,41,"Semana 41",41,200810,10,Out,10,20084,Q4,"Trimestre 4",4,20082,S2,"Semestre 2",2,2008,2008,2008
20081007,"2008-10-07 00:00:00",1,2,7,281,200841,41,"Semana 41",41,200810,10,Out,10,20084,Q4,"Trimestre 4",4,20082,S2,"Semestre 2",2,2008,2008,2008
20081008,"2008-10-08 00:00:00",1,3,8,282,200841,41,"Semana 41",41,200810,10,Out,10,20084,Q4,"Trimestre 4",4,20082,S2,"Semestre 2",2,2008,2008,2008
20081009,"2008-10-09 00:00:00",1,4,9,283,200841,41,"Semana 41",41,200810,10,Out,10,20084,Q4,"Trimestre 4",4,20082,S2,"Semestre 2",2,2008,2008,2008
20081010,"2008-10-10 00:00:00",1,5,10,284,200841,41,"Semana 41",41,200810,10,Out,10,20084,Q4,"Trimestre 4",4,20082,S2,"Semestre 2",2,2008,2008,2008
20081011,"2008-10-11 00:00:00",0,6,11,285,200841,41,"Semana 41",41,200810,10,Out,10,20084,Q4,"Trimestre 4",4,20082,S2,"Semestre 2",2,2008,2008,2008
20081012,"2008-10-12 00:00:00",0,7,12,286,200841,41,"Semana 41",41,200810,10,Out,10,20084,Q4,"Trimestre 4",4,20082,S2,"Semestre 2",2,2008,2008,2008
20081013,"2008-10-13 00:00:00",1,1,13,287,200842,42,"Semana 42",42,200810,10,Out,10,20084,Q4,"Trimestre 4",4,20082,S2,"Semestre 2",2,2008,2008,2008
20081014,"2008-10-14 00:00:00",1,2,14,288,200842,42,"Semana 42",42,200810,10,Out,10,20084,Q4,"Trimestre 4",4,20082,S2,"Semestre 2",2,2008,2008,2008
20081015,"2008-10-15 00:00:00",1,3,15,289,200842,42,"Semana 42",42,200810,10,Out,10,20084,Q4,"Trimestre 4",4,20082,S2,"Semestre 2",2,2008,2008,2008
20081016,"2008-10-16 00:00:00",1,4,16,290,200842,42,"Semana 42",42,200810,10,Out,10,20084,Q4,"Trimestre 4",4,20082,S2,"Semestre 2",2,2008,2008,2008
20081017,"2008-10-17 00:00:00",1,5,17,291,200842,42,"Semana 42",42,200810,10,Out,10,20084,Q4,"Trimestre 4",4,20082,S2,"Semestre 2",2,2008,2008,2008
20081018,"2008-10-18 00:00:00",0,6,18,292,200842,42,"Semana 42",42,200810,10,Out,10,20084,Q4,"Trimestre 4",4,20082,S2,"Semestre 2",2,2008,2008,2008
20081019,"2008-10-19 00:00:00",0,7,19,293,200842,42,"Semana 42",42,200810,10,Out,10,20084,Q4,"Trimestre 4",4,20082,S2,"Semestre 2",2,2008,2008,2008
20081020,"2008-10-20 00:00:00",1,1,20,294,200843,43,"Semana 43",43,200810,10,Out,10,20084,Q4,"Trimestre 4",4,20082,S2,"Semestre 2",2,2008,2008,2008
20081021,"2008-10-21 00:00:00",1,2,21,295,200843,43,"Semana 43",43,200810,10,Out,10,20084,Q4,"Trimestre 4",4,20082,S2,"Semestre 2",2,2008,2008,2008
20081022,"2008-10-22 00:00:00",1,3,22,296,200843,43,"Semana 43",43,200810,10,Out,10,20084,Q4,"Trimestre 4",4,20082,S2,"Semestre 2",2,2008,2008,2008
20081023,"2008-10-23 00:00:00",1,4,23,297,200843,43,"Semana 43",43,200810,10,Out,10,20084,Q4,"Trimestre 4",4,20082,S2,"Semestre 2",2,2008,2008,2008
20081024,"2008-10-24 00:00:00",1,5,24,298,200843,43,"Semana 43",43,200810,10,Out,10,20084,Q4,"Trimestre 4",4,20082,S2,"Semestre 2",2,2008,2008,2008
20081025,"2008-10-25 00:00:00",0,6,25,299,200843,43,"Semana 43",43,200810,10,Out,10,20084,Q4,"Trimestre 4",4,20082,S2,"Semestre 2",2,2008,2008,2008
20081026,"2008-10-26 00:00:00",0,7,26,300,200843,43,"Semana 43",43,200810,10,Out,10,20084,Q4,"Trimestre 4",4,20082,S2,"Semestre 2",2,2008,2008,2008
20081027,"2008-10-27 00:00:00",1,1,27,301,200844,44,"Semana 44",44,200810,10,Out,10,20084,Q4,"Trimestre 4",4,20082,S2,"Semestre 2",2,2008,2008,2008
20081028,"2008-10-28 00:00:00",1,2,28,302,200844,44,"Semana 44",44,200810,10,Out,10,20084,Q4,"Trimestre 4",4,20082,S2,"Semestre 2",2,2008,2008,2008
20081029,"2008-10-29 00:00:00",1,3,29,303,200844,44,"Semana 44",44,200810,10,Out,10,20084,Q4,"Trimestre 4",4,20082,S2,"Semestre 2",2,2008,2008,2008
20081030,"2008-10-30 00:00:00",1,4,30,304,200844,44,"Semana 44",44,200810,10,Out,10,20084,Q4,"Trimestre 4",4,20082,S2,"Semestre 2",2,2008,2008,2008
20081031,"2008-10-31 00:00:00",1,5,31,305,200844,44,"Semana 44",44,200810,10,Out,10,20084,Q4,"Trimestre 4",4,20082,S2,"Semestre 2",2,2008,2008,2008
20081101,"2008-11-01 00:00:00",0,6,1,306,200844,44,"Semana 44",44,200811,11,Nov,11,20084,Q4,"Trimestre 4",4,20082,S2,"Semestre 2",2,2008,2008,2008
20081102,"2008-11-02 00:00:00",0,7,2,307,200844,44,"Semana 44",44,200811,11,Nov,11,20084,Q4,"Trimestre 4",4,20082,S2,"Semestre 2",2,2008,2008,2008
20081103,"2008-11-03 00:00:00",1,1,3,308,200845,45,"Semana 45",45,200811,11,Nov,11,20084,Q4,"Trimestre 4",4,20082,S2,"Semestre 2",2,2008,2008,2008
20081104,"2008-11-04 00:00:00",1,2,4,309,200845,45,"Semana 45",45,200811,11,Nov,11,20084,Q4,"Trimestre 4",4,20082,S2,"Semestre 2",2,2008,2008,2008
20081105,"2008-11-05 00:00:00",1,3,5,310,200845,45,"Semana 45",45,200811,11,Nov,11,20084,Q4,"Trimestre 4",4,20082,S2,"Semestre 2",2,2008,2008,2008
20081106,"2008-11-06 00:00:00",1,4,6,311,200845,45,"Semana 45",45,200811,11,Nov,11,20084,Q4,"Trimestre 4",4,20082,S2,"Semestre 2",2,2008,2008,2008
20081107,"2008-11-07 00:00:00",1,5,7,312,200845,45,"Semana 45",45,200811,11,Nov,11,20084,Q4,"Trimestre 4",4,20082,S2,"Semestre 2",2,2008,2008,2008
20081108,"2008-11-08 00:00:00",0,6,8,313,200845,45,"Semana 45",45,200811,11,Nov,11,20084,Q4,"Trimestre 4",4,20082,S2,"Semestre 2",2,2008,2008,2008
20081109,"2008-11-09 00:00:00",0,7,9,314,200845,45,"Semana 45",45,200811,11,Nov,11,20084,Q4,"Trimestre 4",4,20082,S2,"Semestre 2",2,2008,2008,2008
20081110,"2008-11-10 00:00:00",1,1,10,315,200846,46,"Semana 46",46,200811,11,Nov,11,20084,Q4,"Trimestre 4",4,20082,S2,"Semestre 2",2,2008,2008,2008
20081111,"2008-11-11 00:00:00",1,2,11,316,200846,46,"Semana 46",46,200811,11,Nov,11,20084,Q4,"Trimestre 4",4,20082,S2,"Semestre 2",2,2008,2008,2008
20081112,"2008-11-12 00:00:00",1,3,12,317,200846,46,"Semana 46",46,200811,11,Nov,11,20084,Q4,"Trimestre 4",4,20082,S2,"Semestre 2",2,2008,2008,2008
20081113,"2008-11-13 00:00:00",1,4,13,318,200846,46,"Semana 46",46,200811,11,Nov,11,20084,Q4,"Trimestre 4",4,20082,S2,"Semestre 2",2,2008,2008,2008
20081114,"2008-11-14 00:00:00",1,5,14,319,200846,46,"Semana 46",46,200811,11,Nov,11,20084,Q4,"Trimestre 4",4,20082,S2,"Semestre 2",2,2008,2008,2008
20081115,"2008-11-15 00:00:00",0,6,15,320,200846,46,"Semana 46",46,200811,11,Nov,11,20084,Q4,"Trimestre 4",4,20082,S2,"Semestre 2",2,2008,2008,2008
20081116,"2008-11-16 00:00:00",0,7,16,321,200846,46,"Semana 46",46,200811,11,Nov,11,20084,Q4,"Trimestre 4",4,20082,S2,"Semestre 2",2,2008,2008,2008
20081117,"2008-11-17 00:00:00",1,1,17,322,200847,47,"Semana 47",47,200811,11,Nov,11,20084,Q4,"Trimestre 4",4,20082,S2,"Semestre 2",2,2008,2008,2008
20081118,"2008-11-18 00:00:00",1,2,18,323,200847,47,"Semana 47",47,200811,11,Nov,11,20084,Q4,"Trimestre 4",4,20082,S2,"Semestre 2",2,2008,2008,2008
20081119,"2008-11-19 00:00:00",1,3,19,324,200847,47,"Semana 47",47,200811,11,Nov,11,20084,Q4,"Trimestre 4",4,20082,S2,"Semestre 2",2,2008,2008,2008
20081120,"2008-11-20 00:00:00",1,4,20,325,200847,47,"Semana 47",47,200811,11,Nov,11,20084,Q4,"Trimestre 4",4,20082,S2,"Semestre 2",2,2008,2008,2008
20081121,"2008-11-21 00:00:00",1,5,21,326,200847,47,"Semana 47",47,200811,11,Nov,11,20084,Q4,"Trimestre 4",4,20082,S2,"Semestre 2",2,2008,2008,2008
20081122,"2008-11-22 00:00:00",0,6,22,327,200847,47,"Semana 47",47,200811,11,Nov,11,20084,Q4,"Trimestre 4",4,20082,S2,"Semestre 2",2,2008,2008,2008
20081123,"2008-11-23 00:00:00",0,7,23,328,200847,47,"Semana 47",47,200811,11,Nov,11,20084,Q4,"Trimestre 4",4,20082,S2,"Semestre 2",2,2008,2008,2008
20081124,"2008-11-24 00:00:00",1,1,24,329,200848,48,"Semana 48",48,200811,11,Nov,11,20084,Q4,"Trimestre 4",4,20082,S2,"Semestre 2",2,2008,2008,2008
20081125,"2008-11-25 00:00:00",1,2,25,330,200848,48,"Semana 48",48,200811,11,Nov,11,20084,Q4,"Trimestre 4",4,20082,S2,"Semestre 2",2,2008,2008,2008
20081126,"2008-11-26 00:00:00",1,3,26,331,200848,48,"Semana 48",48,200811,11,Nov,11,20084,Q4,"Trimestre 4",4,20082,S2,"Semestre 2",2,2008,2008,2008
20081127,"2008-11-27 00:00:00",1,4,27,332,200848,48,"Semana 48",48,200811,11,Nov,11,20084,Q4,"Trimestre 4",4,20082,S2,"Semestre 2",2,2008,2008,2008
20081128,"2008-11-28 00:00:00",1,5,28,333,200848,48,"Semana 48",48,200811,11,Nov,11,20084,Q4,"Trimestre 4",4,20082,S2,"Semestre 2",2,2008,2008,2008
20081129,"2008-11-29 00:00:00",0,6,29,334,200848,48,"Semana 48",48,200811,11,Nov,11,20084,Q4,"Trimestre 4",4,20082,S2,"Semestre 2",2,2008,2008,2008
20081130,"2008-11-30 00:00:00",0,7,30,335,200848,48,"Semana 48",48,200811,11,Nov,11,20084,Q4,"Trimestre 4",4,20082,S2,"Semestre 2",2,2008,2008,2008
20081201,"2008-12-01 00:00:00",1,1,1,336,200849,49,"Semana 49",49,200812,12,Dez,12,20084,Q4,"Trimestre 4",4,20082,S2,"Semestre 2",2,2008,2008,2008
20081202,"2008-12-02 00:00:00",1,2,2,337,200849,49,"Semana 49",49,200812,12,Dez,12,20084,Q4,"Trimestre 4",4,20082,S2,"Semestre 2",2,2008,2008,2008
20081203,"2008-12-03 00:00:00",1,3,3,338,200849,49,"Semana 49",49,200812,12,Dez,12,20084,Q4,"Trimestre 4",4,20082,S2,"Semestre 2",2,2008,2008,2008
20081204,"2008-12-04 00:00:00",1,4,4,339,200849,49,"Semana 49",49,200812,12,Dez,12,20084,Q4,"Trimestre 4",4,20082,S2,"Semestre 2",2,2008,2008,2008
20081205,"2008-12-05 00:00:00",1,5,5,340,200849,49,"Semana 49",49,200812,12,Dez,12,20084,Q4,"Trimestre 4",4,20082,S2,"Semestre 2",2,2008,2008,2008
20081206,"2008-12-06 00:00:00",0,6,6,341,200849,49,"Semana 49",49,200812,12,Dez,12,20084,Q4,"Trimestre 4",4,20082,S2,"Semestre 2",2,2008,2008,2008
20081207,"2008-12-07 00:00:00",0,7,7,342,200849,49,"Semana 49",49,200812,12,Dez,12,20084,Q4,"Trimestre 4",4,20082,S2,"Semestre 2",2,2008,2008,2008
20081208,"2008-12-08 00:00:00",1,1,8,343,200850,50,"Semana 50",50,200812,12,Dez,12,20084,Q4,"Trimestre 4",4,20082,S2,"Semestre 2",2,2008,2008,2008
20081209,"2008-12-09 00:00:00",1,2,9,344,200850,50,"Semana 50",50,200812,12,Dez,12,20084,Q4,"Trimestre 4",4,20082,S2,"Semestre 2",2,2008,2008,2008
20081210,"2008-12-10 00:00:00",1,3,10,345,200850,50,"Semana 50",50,200812,12,Dez,12,20084,Q4,"Trimestre 4",4,20082,S2,"Semestre 2",2,2008,2008,2008
20081211,"2008-12-11 00:00:00",1,4,11,346,200850,50,"Semana 50",50,200812,12,Dez,12,20084,Q4,"Trimestre 4",4,20082,S2,"Semestre 2",2,2008,2008,2008
20081212,"2008-12-12 00:00:00",1,5,12,347,200850,50,"Semana 50",50,200812,12,Dez,12,20084,Q4,"Trimestre 4",4,20082,S2,"Semestre 2",2,2008,2008,2008
20081213,"2008-12-13 00:00:00",0,6,13,348,200850,50,"Semana 50",50,200812,12,Dez,12,20084,Q4,"Trimestre 4",4,20082,S2,"Semestre 2",2,2008,2008,2008
20081214,"2008-12-14 00:00:00",0,7,14,349,200850,50,"Semana 50",50,200812,12,Dez,12,20084,Q4,"Trimestre 4",4,20082,S2,"Semestre 2",2,2008,2008,2008
20081215,"2008-12-15 00:00:00",1,1,15,350,200851,51,"Semana 51",51,200812,12,Dez,12,20084,Q4,"Trimestre 4",4,20082,S2,"Semestre 2",2,2008,2008,2008
20081216,"2008-12-16 00:00:00",1,2,16,351,200851,51,"Semana 51",51,200812,12,Dez,12,20084,Q4,"Trimestre 4",4,20082,S2,"Semestre 2",2,2008,2008,2008
20081217,"2008-12-17 00:00:00",1,3,17,352,200851,51,"Semana 51",51,200812,12,Dez,12,20084,Q4,"Trimestre 4",4,20082,S2,"Semestre 2",2,2008,2008,2008
20081218,"2008-12-18 00:00:00",1,4,18,353,200851,51,"Semana 51",51,200812,12,Dez,12,20084,Q4,"Trimestre 4",4,20082,S2,"Semestre 2",2,2008,2008,2008
20081219,"2008-12-19 00:00:00",1,5,19,354,200851,51,"Semana 51",51,200812,12,Dez,12,20084,Q4,"Trimestre 4",4,20082,S2,"Semestre 2",2,2008,2008,2008
20081220,"2008-12-20 00:00:00",0,6,20,355,200851,51,"Semana 51",51,200812,12,Dez,12,20084,Q4,"Trimestre 4",4,20082,S2,"Semestre 2",2,2008,2008,2008
20081221,"2008-12-21 00:00:00",0,7,21,356,200851,51,"Semana 51",51,200812,12,Dez,12,20084,Q4,"Trimestre 4",4,20082,S2,"Semestre 2",2,2008,2008,2008
20081222,"2008-12-22 00:00:00",1,1,22,357,200852,52,"Semana 52",52,200812,12,Dez,12,20084,Q4,"Trimestre 4",4,20082,S2,"Semestre 2",2,2008,2008,2008
20081223,"2008-12-23 00:00:00",1,2,23,358,200852,52,"Semana 52",52,200812,12,Dez,12,20084,Q4,"Trimestre 4",4,20082,S2,"Semestre 2",2,2008,2008,2008
20081224,"2008-12-24 00:00:00",1,3,24,359,200852,52,"Semana 52",52,200812,12,Dez,12,20084,Q4,"Trimestre 4",4,20082,S2,"Semestre 2",2,2008,2008,2008
20081225,"2008-12-25 00:00:00",1,4,25,360,200852,52,"Semana 52",52,200812,12,Dez,12,20084,Q4,"Trimestre 4",4,20082,S2,"Semestre 2",2,2008,2008,2008
20081226,"2008-12-26 00:00:00",1,5,26,361,200852,52,"Semana 52",52,200812,12,Dez,12,20084,Q4,"Trimestre 4",4,20082,S2,"Semestre 2",2,2008,2008,2008
20081227,"2008-12-27 00:00:00",0,6,27,362,200852,52,"Semana 52",52,200812,12,Dez,12,20084,Q4,"Trimestre 4",4,20082,S2,"Semestre 2",2,2008,2008,2008
20081228,"2008-12-28 00:00:00",0,7,28,363,200852,52,"Semana 52",52,200812,12,Dez,12,20084,Q4,"Trimestre 4",4,20082,S2,"Semestre 2",2,2008,2008,2008
20081229,"2008-12-29 00:00:00",1,1,29,364,200901,1,"Semana 1",1,200812,12,Dez,12,20084,Q4,"Trimestre 4",4,20082,S2,"Semestre 2",2,2008,2008,2008
20081230,"2008-12-30 00:00:00",1,2,30,365,200901,1,"Semana 1",1,200812,12,Dez,12,20084,Q4,"Trimestre 4",4,20082,S2,"Semestre 2",2,2008,2008,2008
20081231,"2008-12-31 00:00:00",1,3,31,366,200901,1,"Semana 1",1,200812,12,Dez,12,20084,Q4,"Trimestre 4",4,20082,S2,"Semestre 2",2,2008,2008,2008
20090101,"2009-01-01 00:00:00",1,4,1,1,200901,1,"Semana 1",1,200901,01,Jan,1,20091,Q1,"Trimestre 1",1,20091,S1,"Semestre 1",1,2009,2009,2009
20090102,"2009-01-02 00:00:00",1,5,2,2,200901,1,"Semana 1",1,200901,01,Jan,1,20091,Q1,"Trimestre 1",1,20091,S1,"Semestre 1",1,2009,2009,2009
20090103,"2009-01-03 00:00:00",0,6,3,3,200901,1,"Semana 1",1,200901,01,Jan,1,20091,Q1,"Trimestre 1",1,20091,S1,"Semestre 1",1,2009,2009,2009
20090104,"2009-01-04 00:00:00",0,7,4,4,200901,1,"Semana 1",1,200901,01,Jan,1,20091,Q1,"Trimestre 1",1,20091,S1,"Semestre 1",1,2009,2009,2009
20090105,"2009-01-05 00:00:00",1,1,5,5,200902,2,"Semana 2",2,200901,01,Jan,1,20091,Q1,"Trimestre 1",1,20091,S1,"Semestre 1",1,2009,2009,2009
20090106,"2009-01-06 00:00:00",1,2,6,6,200902,2,"Semana 2",2,200901,01,Jan,1,20091,Q1,"Trimestre 1",1,20091,S1,"Semestre 1",1,2009,2009,2009
20090107,"2009-01-07 00:00:00",1,3,7,7,200902,2,"Semana 2",2,200901,01,Jan,1,20091,Q1,"Trimestre 1",1,20091,S1,"Semestre 1",1,2009,2009,2009
20090108,"2009-01-08 00:00:00",1,4,8,8,200902,2,"Semana 2",2,200901,01,Jan,1,20091,Q1,"Trimestre 1",1,20091,S1,"Semestre 1",1,2009,2009,2009
20090109,"2009-01-09 00:00:00",1,5,9,9,200902,2,"Semana 2",2,200901,01,Jan,1,20091,Q1,"Trimestre 1",1,20091,S1,"Semestre 1",1,2009,2009,2009
20090110,"2009-01-10 00:00:00",0,6,10,10,200902,2,"Semana 2",2,200901,01,Jan,1,20091,Q1,"Trimestre 1",1,20091,S1,"Semestre 1",1,2009,2009,2009
20090111,"2009-01-11 00:00:00",0,7,11,11,200902,2,"Semana 2",2,200901,01,Jan,1,20091,Q1,"Trimestre 1",1,20091,S1,"Semestre 1",1,2009,2009,2009
20090112,"2009-01-12 00:00:00",1,1,12,12,200903,3,"Semana 3",3,200901,01,Jan,1,20091,Q1,"Trimestre 1",1,20091,S1,"Semestre 1",1,2009,2009,2009
20090113,"2009-01-13 00:00:00",1,2,13,13,200903,3,"Semana 3",3,200901,01,Jan,1,20091,Q1,"Trimestre 1",1,20091,S1,"Semestre 1",1,2009,2009,2009
20090114,"2009-01-14 00:00:00",1,3,14,14,200903,3,"Semana 3",3,200901,01,Jan,1,20091,Q1,"Trimestre 1",1,20091,S1,"Semestre 1",1,2009,2009,2009
20090115,"2009-01-15 00:00:00",1,4,15,15,200903,3,"Semana 3",3,200901,01,Jan,1,20091,Q1,"Trimestre 1",1,20091,S1,"Semestre 1",1,2009,2009,2009
20090116,"2009-01-16 00:00:00",1,5,16,16,200903,3,"Semana 3",3,200901,01,Jan,1,20091,Q1,"Trimestre 1",1,20091,S1,"Semestre 1",1,2009,2009,2009
20090117,"2009-01-17 00:00:00",0,6,17,17,200903,3,"Semana 3",3,200901,01,Jan,1,20091,Q1,"Trimestre 1",1,20091,S1,"Semestre 1",1,2009,2009,2009
20090118,"2009-01-18 00:00:00",0,7,18,18,200903,3,"Semana 3",3,200901,01,Jan,1,20091,Q1,"Trimestre 1",1,20091,S1,"Semestre 1",1,2009,2009,2009
20090119,"2009-01-19 00:00:00",1,1,19,19,200904,4,"Semana 4",4,200901,01,Jan,1,20091,Q1,"Trimestre 1",1,20091,S1,"Semestre 1",1,2009,2009,2009
20090120,"2009-01-20 00:00:00",1,2,20,20,200904,4,"Semana 4",4,200901,01,Jan,1,20091,Q1,"Trimestre 1",1,20091,S1,"Semestre 1",1,2009,2009,2009
20090121,"2009-01-21 00:00:00",1,3,21,21,200904,4,"Semana 4",4,200901,01,Jan,1,20091,Q1,"Trimestre 1",1,20091,S1,"Semestre 1",1,2009,2009,2009
20090122,"2009-01-22 00:00:00",1,4,22,22,200904,4,"Semana 4",4,200901,01,Jan,1,20091,Q1,"Trimestre 1",1,20091,S1,"Semestre 1",1,2009,2009,2009
20090123,"2009-01-23 00:00:00",1,5,23,23,200904,4,"Semana 4",4,200901,01,Jan,1,20091,Q1,"Trimestre 1",1,20091,S1,"Semestre 1",1,2009,2009,2009
20090124,"2009-01-24 00:00:00",0,6,24,24,200904,4,"Semana 4",4,200901,01,Jan,1,20091,Q1,"Trimestre 1",1,20091,S1,"Semestre 1",1,2009,2009,2009
20090125,"2009-01-25 00:00:00",0,7,25,25,200904,4,"Semana 4",4,200901,01,Jan,1,20091,Q1,"Trimestre 1",1,20091,S1,"Semestre 1",1,2009,2009,2009
20090126,"2009-01-26 00:00:00",1,1,26,26,200905,5,"Semana 5",5,200901,01,Jan,1,20091,Q1,"Trimestre 1",1,20091,S1,"Semestre 1",1,2009,2009,2009
20090127,"2009-01-27 00:00:00",1,2,27,27,200905,5,"Semana 5",5,200901,01,Jan,1,20091,Q1,"Trimestre 1",1,20091,S1,"Semestre 1",1,2009,2009,2009
20090128,"2009-01-28 00:00:00",1,3,28,28,200905,5,"Semana 5",5,200901,01,Jan,1,20091,Q1,"Trimestre 1",1,20091,S1,"Semestre 1",1,2009,2009,2009
20090129,"2009-01-29 00:00:00",1,4,29,29,200905,5,"Semana 5",5,200901,01,Jan,1,20091,Q1,"Trimestre 1",1,20091,S1,"Semestre 1",1,2009,2009,2009
20090130,"2009-01-30 00:00:00",1,5,30,30,200905,5,"Semana 5",5,200901,01,Jan,1,20091,Q1,"Trimestre 1",1,20091,S1,"Semestre 1",1,2009,2009,2009
20090131,"2009-01-31 00:00:00",0,6,31,31,200905,5,"Semana 5",5,200901,01,Jan,1,20091,Q1,"Trimestre 1",1,20091,S1,"Semestre 1",1,2009,2009,2009
20090201,"2009-02-01 00:00:00",0,7,1,32,200905,5,"Semana 5",5,200902,02,Fev,2,20091,Q1,"Trimestre 1",1,20091,S1,"Semestre 1",1,2009,2009,2009
20090202,"2009-02-02 00:00:00",1,1,2,33,200906,6,"Semana 6",6,200902,02,Fev,2,20091,Q1,"Trimestre 1",1,20091,S1,"Semestre 1",1,2009,2009,2009
